ISBN,Title,Authors,Publisher,Categories,PublishedDate,Stock
978-1-4106541-1-4,Building night seek,Terry Hogan,Simon & Schuster,Science,2025-02-21,10
978-9-5108303-2-9,Gas scientist control,Tiffany Glenn,Macmillan,Technology,2017-10-05,7
978-6-5564211-3-3,Tv respond marriage,Kimberly Rios,Houghton Mifflin Harcourt,Fiction,2015-06-30,3
978-3-8072845-0-5,Any behavior,Stephanie Mills,Pearson Education,Education,2019-11-09,2
978-0-3079862-5-4,Nation father,Justin Conway,Simon & Schuster,History,2016-10-09,6
978-0-1141375-9-5,Start,Chase Ramirez,Pearson Education,Science,2021-04-15,5
978-5-6325976-1-9,Wear staff,Mario Black,Simon & Schuster,Philosophy,2018-06-21,1
978-3-9523804-6-8,Off million,Brian Rivera,Simon & Schuster,Fiction,2021-08-28,7
978-2-1116092-9-0,Free catch account summer,Joseph Palmer,Pearson Education,Fiction,2018-04-04,7
978-8-7915846-3-3,All rate newspaper,Richard Sparks,Penguin Random House,History,2016-04-28,2
978-7-5626150-0-5,Dinner off second,Erica Moore,Simon & Schuster,Philosophy,2019-09-02,10
978-8-4326692-6-9,Movie page,Shannon Johnson,Pearson Education,Fiction,2018-03-26,8
978-8-1641025-6-0,Himself one tough important,Michael Liu,Simon & Schuster,History,2017-10-31,7
978-6-4880779-1-3,Everyone care,Jennifer Wright,Macmillan,Biography,2024-01-09,3
978-3-6709299-9-7,Fact save possible,Donald Kelly,Houghton Mifflin Harcourt,History,2025-03-17,9
978-6-9283659-8-1,Something write,Timothy Carlson,Macmillan,Biography,2019-02-24,8
978-2-6870140-3-6,Friend Mr,Adrian Barnes,Houghton Mifflin Harcourt,History,2023-03-23,2
978-9-8470858-5-1,Kind something,Mr. Ryan Wood,Simon & Schuster,Science,2020-06-14,2
978-7-9867738-2-5,Million green effect,Jason Holmes,Oxford University Press,Biography,2018-05-05,3
978-7-3298166-4-1,Serious father all,Anne Colon,Macmillan,History,2017-05-23,5
978-5-5349220-9-2,Husband tree,Margaret Wolf,HarperCollins,History,2016-02-24,1
978-8-5786356-9-1,Music cup pass,Kimberly Suarez,HarperCollins,Biography,2023-06-04,2
978-9-3644335-8-7,Clear,Bob Wright,Penguin Random House,Technology,2020-02-29,3
978-0-6076236-0-6,Shake section,Aaron Walker,Macmillan,Science,2019-05-28,4
978-6-7672336-6-8,Ten themselves,William Ochoa,Pearson Education,Philosophy,2019-10-13,5
978-7-7955658-7-4,Right,Amy Morales,Houghton Mifflin Harcourt,Biography,2022-03-27,3
978-6-8486609-7-4,Bring training,William Nunez,Oxford University Press,Education,2023-05-02,2
978-4-1389392-4-3,Last attack,James Kennedy DVM,HarperCollins,Philosophy,2023-10-21,7
978-2-1995505-1-2,Mr stop,Daniel Richardson,Macmillan,Technology,2020-01-08,5
978-6-4222317-4-2,Research art,Eddie Gutierrez,Oxford University Press,Biography,2023-01-12,10
978-4-6862376-9-4,Specific culture,Joshua Carrillo,HarperCollins,Biography,2021-11-19,1
978-8-3383628-3-6,Bad bad,Kyle Williams,Penguin Random House,Philosophy,2024-03-03,9
978-8-4090963-9-3,Some himself about,Jesus Boone,Macmillan,Education,2018-04-03,3
978-9-8346654-2-5,Year morning age,Michelle Meyers,Macmillan,Technology,2022-12-10,3
978-2-7542208-6-3,Player ten again,Michael Weber,Pearson Education,History,2020-12-18,10
978-9-5177072-1-3,Oil entire,Nicole Ferrell,HarperCollins,Philosophy,2021-10-06,2
978-0-6214699-7-0,Same several school,Shannon Cox,Penguin Random House,History,2021-11-23,9
978-6-9519862-1-1,Organization reflect heavy,Latasha Garcia,Houghton Mifflin Harcourt,Biography,2017-12-05,7
978-5-7040228-2-4,Stuff bad,Timothy Miller,Penguin Random House,Science,2023-02-01,10
978-6-6832360-2-2,Material modern suffer,Kayla Lewis,Macmillan,Philosophy,2016-04-06,2
978-1-9949094-3-5,Agency step,Rachel Thomas,Houghton Mifflin Harcourt,Philosophy,2019-10-09,5
978-6-1493627-0-1,Out heavy,Tonya Francis,Simon & Schuster,Philosophy,2018-12-16,5
978-9-8796213-6-0,Message state,Kathleen Mitchell,Macmillan,Education,2018-12-27,9
978-2-5946367-3-1,Report join,Peter Baker,Macmillan,Technology,2020-12-17,7
978-2-8122372-7-2,Beautiful bring until,Kristin King,Macmillan,History,2018-04-20,9
978-3-5563887-4-0,For full score,Tiffany Wilson,HarperCollins,Biography,2022-11-02,7
978-1-2116614-3-5,Yard concern generation suddenly,Andrea Simmons,Oxford University Press,Biography,2024-09-15,1
978-6-8331974-3-7,Commercial over see,Shawn Rodgers,Oxford University Press,History,2018-05-27,2
978-4-1299624-4-5,East bad different,Douglas Padilla,HarperCollins,Fiction,2024-11-06,2
978-5-2748458-1-7,Become develop nation,Mrs. Lauren Turner,HarperCollins,Science,2019-08-25,3
